user_id,gender,age,country,device,traffic_source
1001,Male,64,Australia,Desktop,Organic
1002,Female,29,UK,Mobile,Organic
1003,Female,33,Germany,Mobile,Social
1004,Female,41,Australia,Desktop,Paid
1005,Male,36,USA,Desktop,Email
1006,Male,25,Germany,Mobile,Organic
1007,Male,48,USA,Mobile,Organic
1008,Female,38,Australia,Desktop,Paid
1009,Female,34,USA,Mobile,Organic
1010,Female,40,Australia,Desktop,Organic
1011,Male,54,Australia,Mobile,Social
1012,Female,33,Australia,Desktop,Organic
1013,Female,23,Canada,Tablet,Social
1014,Male,25,USA,Desktop,Organic
1015,Male,42,USA,Desktop,Organic
1016,Male,35,UK,Desktop,Paid
1017,Male,42,USA,Desktop,Email
1018,Female,29,Canada,Mobile,Paid
1019,Male,32,USA,Desktop,Email
1020,Male,43,Germany,Mobile,Organic
1021,Female,58,UK,Desktop,Email
1022,Male,62,Australia,Desktop,Organic
1023,Male,43,USA,Desktop,Social
1024,Male,64,Australia,Desktop,Social
1025,Male,49,Germany,Desktop,Direct
1026,Female,27,UK,Desktop,Paid
1027,Male,33,UK,Desktop,Organic
1028,Male,24,Canada,Desktop,Organic
1029,Female,34,USA,Mobile,Email
1030,Male,40,UK,Mobile,Paid
1031,Female,43,USA,Desktop,Email
1032,Male,38,USA,Desktop,Organic
1033,Male,39,USA,Tablet,Paid
1034,Female,24,USA,Mobile,Organic
1035,Female,31,USA,Mobile,Direct
1036,Female,32,USA,Desktop,Social
1037,Male,24,Germany,Mobile,Direct
1038,Male,26,UK,Mobile,Organic
1039,Female,25,Germany,Mobile,Social
1040,Male,40,UK,Tablet,Social
1041,Male,46,USA,Desktop,Paid
1042,Male,35,UK,Desktop,Email
1043,Male,48,UK,Mobile,Direct
1044,Female,47,USA,Mobile,Email
1045,Male,56,UK,Desktop,Social
1046,Female,52,USA,Desktop,Organic
1047,Male,35,UK,Desktop,Organic
1048,Female,59,Canada,Desktop,Direct
1049,Female,56,USA,Mobile,Organic
1050,Male,34,USA,Mobile,Social
1051,Female,31,Canada,Desktop,Social
1052,Female,48,UK,Desktop,Social
1053,Female,41,USA,Desktop,Direct
1054,Female,52,Germany,Desktop,Paid
1055,Female,61,USA,Mobile,Paid
1056,Female,62,Canada,Tablet,Organic
1057,Male,51,Germany,Mobile,Paid
1058,Male,20,USA,Desktop,Organic
1059,Male,54,USA,Tablet,Paid
1060,Male,60,USA,Mobile,Email
1061,Male,57,USA,Mobile,Direct
1062,Male,43,USA,Desktop,Organic
1063,Female,40,Canada,Desktop,Paid
1064,Male,61,USA,Desktop,Direct
1065,Male,56,UK,Desktop,Organic
1066,Female,32,Germany,Desktop,Organic
1067,Male,21,Australia,Desktop,Organic
1068,Female,46,UK,Desktop,Social
1069,Male,39,USA,Mobile,Organic
1070,Female,42,UK,Desktop,Direct
1071,Female,30,UK,Desktop,Paid
1072,Male,35,UK,Tablet,Paid
1073,Male,50,USA,Tablet,Organic
1074,Female,33,Australia,Mobile,Paid
1075,Female,62,UK,Tablet,Social
1076,Female,59,USA,Mobile,Email
1077,Female,61,USA,Tablet,Email
1078,Male,19,UK,Desktop,Social
1079,Male,52,Australia,Desktop,Direct
1080,Male,59,Canada,Desktop,Email
1081,Female,51,Canada,Desktop,Email
1082,Female,47,USA,Desktop,Organic
1083,Male,30,UK,Mobile,Organic
1084,Male,30,UK,Mobile,Organic
1085,Male,35,USA,Mobile,Social
1086,Male,49,USA,Desktop,Paid
1087,Female,49,Canada,Mobile,Paid
1088,Female,52,USA,Mobile,Email
1089,Female,56,UK,Desktop,Email
1090,Male,63,USA,Mobile,Direct
1091,Male,46,USA,Desktop,Paid
1092,Female,46,USA,Desktop,Social
1093,Female,61,Germany,Tablet,Organic
1094,Female,33,Australia,Desktop,Organic
1095,Female,61,Germany,Desktop,Organic
1096,Male,64,UK,Tablet,Paid
1097,Female,27,USA,Mobile,Paid
1098,Male,47,UK,Desktop,Email
1099,Male,42,UK,Desktop,Organic
1100,Male,56,Australia,Desktop,Social
1101,Male,37,USA,Mobile,Paid
1102,Female,22,UK,Desktop,Organic
1103,Male,18,USA,Desktop,Paid
1104,Male,47,USA,Tablet,Organic
1105,Female,20,Canada,Mobile,Social
1106,Male,62,UK,Desktop,Paid
1107,Male,31,USA,Mobile,Organic
1108,Female,47,USA,Mobile,Organic
1109,Male,21,UK,Desktop,Paid
1110,Male,35,Canada,Desktop,Direct
1111,Male,54,Australia,Mobile,Paid
1112,Male,42,Germany,Desktop,Social
1113,Female,18,Canada,Mobile,Social
1114,Female,63,USA,Desktop,Direct
1115,Female,32,Canada,Desktop,Email
1116,Female,26,UK,Desktop,Social
1117,Female,32,USA,Desktop,Social
1118,Male,41,Australia,Desktop,Email
1119,Female,21,USA,Desktop,Paid
1120,Female,29,Australia,Mobile,Paid
1121,Female,54,UK,Tablet,Organic
1122,Female,54,UK,Mobile,Email
1123,Male,60,Canada,Tablet,Email
1124,Male,23,Australia,Desktop,Organic
1125,Male,56,UK,Tablet,Social
1126,Male,63,UK,Desktop,Paid
1127,Female,41,USA,Tablet,Organic
1128,Female,28,UK,Tablet,Direct
1129,Male,30,USA,Mobile,Organic
1130,Male,51,Canada,Tablet,Organic
1131,Male,42,UK,Mobile,Social
1132,Male,24,Canada,Desktop,Social
1133,Male,21,USA,Desktop,Organic
1134,Male,25,USA,Mobile,Social
1135,Female,37,Canada,Desktop,Paid
1136,Male,46,USA,Mobile,Organic
1137,Male,62,USA,Tablet,Organic
1138,Female,63,USA,Desktop,Social
1139,Male,27,Germany,Mobile,Organic
1140,Female,60,Canada,Tablet,Direct
1141,Female,51,USA,Tablet,Email
1142,Male,43,USA,Tablet,Direct
1143,Male,58,USA,Mobile,Organic
1144,Male,20,Canada,Tablet,Direct
1145,Male,23,Canada,Mobile,Paid
1146,Male,22,USA,Desktop,Paid
1147,Female,22,USA,Desktop,Organic
1148,Male,64,USA,Mobile,Organic
1149,Male,40,Canada,Desktop,Social
1150,Male,26,Canada,Mobile,Paid
1151,Female,52,USA,Mobile,Organic
1152,Male,37,USA,Desktop,Social
1153,Male,59,USA,Mobile,Organic
1154,Male,52,Germany,Mobile,Social
1155,Female,35,USA,Desktop,Paid
1156,Male,34,Canada,Desktop,Email
1157,Female,41,UK,Desktop,Email
1158,Female,20,USA,Desktop,Paid
1159,Male,49,USA,Tablet,Paid
1160,Female,52,USA,Desktop,Paid
1161,Male,55,UK,Mobile,Email
1162,Female,30,Canada,Desktop,Paid
1163,Female,64,UK,Desktop,Organic
1164,Female,42,UK,Mobile,Organic
1165,Male,26,USA,Mobile,Paid
1166,Female,21,Germany,Desktop,Paid
1167,Male,31,Canada,Desktop,Email
1168,Male,54,USA,Desktop,Organic
1169,Male,51,Germany,Desktop,Paid
1170,Female,28,UK,Mobile,Email
1171,Female,58,UK,Desktop,Email
1172,Male,20,Canada,Desktop,Paid
1173,Male,45,Australia,Desktop,Paid
1174,Male,46,Canada,Tablet,Paid
1175,Female,26,USA,Tablet,Direct
1176,Male,20,USA,Desktop,Organic
1177,Female,42,Germany,Mobile,Direct
1178,Male,51,USA,Desktop,Social
1179,Female,29,USA,Desktop,Paid
1180,Male,59,UK,Mobile,Organic
1181,Male,26,UK,Tablet,Paid
1182,Male,32,UK,Tablet,Paid
1183,Female,57,Germany,Mobile,Organic
1184,Female,42,USA,Desktop,Social
1185,Male,22,USA,Mobile,Direct
1186,Female,28,USA,Desktop,Social
1187,Female,51,Australia,Mobile,Social
1188,Female,41,UK,Desktop,Organic
1189,Female,32,USA,Mobile,Paid
1190,Male,55,Australia,Desktop,Organic
1191,Male,25,Australia,Desktop,Social
1192,Female,22,Australia,Tablet,Direct
1193,Female,43,Australia,Desktop,Social
1194,Female,35,USA,Mobile,Organic
1195,Male,23,Canada,Desktop,Paid
1196,Male,54,UK,Desktop,Social
1197,Female,30,Australia,Desktop,Paid
1198,Female,45,Canada,Desktop,Email
1199,Female,22,Canada,Tablet,Email
1200,Female,30,Canada,Desktop,Social
1201,Female,34,USA,Tablet,Paid
1202,Male,57,UK,Mobile,Organic
1203,Male,62,Germany,Desktop,Organic
1204,Female,49,Germany,Mobile,Paid
1205,Female,46,USA,Mobile,Paid
1206,Male,20,USA,Mobile,Social
1207,Male,57,USA,Desktop,Social
1208,Female,51,Canada,Desktop,Organic
1209,Male,57,Australia,Tablet,Paid
1210,Male,44,USA,Tablet,Organic
1211,Female,30,UK,Tablet,Organic
1212,Female,62,Australia,Desktop,Email
1213,Female,50,Canada,Mobile,Organic
1214,Male,23,UK,Desktop,Paid
1215,Female,41,UK,Desktop,Organic
1216,Male,36,UK,Desktop,Email
1217,Male,33,USA,Mobile,Social
1218,Female,57,UK,Desktop,Organic
1219,Female,45,Canada,Desktop,Paid
1220,Female,50,Australia,Tablet,Social
1221,Female,58,UK,Desktop,Direct
1222,Female,30,Canada,Desktop,Organic
1223,Male,60,USA,Desktop,Email
1224,Male,62,UK,Tablet,Direct
1225,Male,42,USA,Mobile,Direct
1226,Male,59,USA,Desktop,Social
1227,Female,53,Canada,Mobile,Social
1228,Male,44,Germany,Mobile,Paid
1229,Female,55,USA,Desktop,Email
1230,Female,24,UK,Mobile,Paid
1231,Female,22,Australia,Mobile,Social
1232,Male,60,USA,Mobile,Paid
1233,Female,62,UK,Desktop,Social
1234,Male,48,Canada,Tablet,Email
1235,Male,40,UK,Mobile,Organic
1236,Female,59,USA,Desktop,Email
1237,Male,27,USA,Desktop,Paid
1238,Male,49,Canada,Desktop,Email
1239,Female,60,UK,Desktop,Paid
1240,Male,47,USA,Mobile,Paid
1241,Female,56,Canada,Desktop,Direct
1242,Female,48,USA,Desktop,Organic
1243,Female,35,Canada,Mobile,Email
1244,Male,53,USA,Desktop,Paid
1245,Male,19,Germany,Tablet,Paid
1246,Female,31,USA,Desktop,Paid
1247,Male,30,USA,Desktop,Social
1248,Female,46,USA,Desktop,Paid
1249,Female,29,USA,Desktop,Organic
1250,Female,56,Australia,Desktop,Organic
1251,Male,19,Germany,Mobile,Organic
1252,Male,49,USA,Tablet,Direct
1253,Female,30,UK,Desktop,Direct
1254,Male,63,Canada,Mobile,Paid
1255,Male,44,Australia,Mobile,Social
1256,Female,58,UK,Mobile,Paid
1257,Female,34,USA,Desktop,Social
1258,Female,57,UK,Desktop,Email
1259,Female,48,Canada,Desktop,Direct
1260,Male,51,USA,Mobile,Paid
1261,Female,41,UK,Mobile,Email
1262,Female,62,USA,Desktop,Organic
1263,Male,52,Canada,Desktop,Direct
1264,Male,23,USA,Tablet,Organic
1265,Female,36,UK,Mobile,Social
1266,Female,47,UK,Tablet,Social
1267,Female,24,UK,Mobile,Social
1268,Female,27,USA,Desktop,Organic
1269,Male,58,UK,Mobile,Direct
1270,Male,49,UK,Mobile,Organic
1271,Female,51,UK,Desktop,Social
1272,Female,45,UK,Mobile,Organic
1273,Female,32,Canada,Mobile,Paid
1274,Female,47,Australia,Desktop,Paid
1275,Male,54,USA,Mobile,Paid
1276,Male,46,Australia,Mobile,Organic
1277,Female,39,UK,Tablet,Organic
1278,Female,21,USA,Desktop,Paid
1279,Female,37,USA,Desktop,Email
1280,Female,49,USA,Mobile,Email
1281,Female,53,Canada,Desktop,Organic
1282,Male,21,Canada,Mobile,Paid
1283,Male,44,Canada,Mobile,Organic
1284,Male,34,UK,Desktop,Organic
1285,Female,29,UK,Mobile,Social
1286,Male,39,USA,Mobile,Social
1287,Male,34,USA,Desktop,Organic
1288,Female,27,UK,Tablet,Organic
1289,Male,18,USA,Mobile,Organic
1290,Female,39,USA,Mobile,Email
1291,Male,43,UK,Mobile,Direct
1292,Male,35,Canada,Desktop,Organic
1293,Female,31,Germany,Tablet,Organic
1294,Male,64,Germany,Mobile,Email
1295,Male,46,UK,Mobile,Direct
1296,Female,29,UK,Tablet,Paid
1297,Female,53,UK,Desktop,Organic
1298,Male,52,Canada,Mobile,Organic
1299,Female,29,USA,Desktop,Social
1300,Male,24,UK,Desktop,Paid
1301,Male,46,Australia,Desktop,Organic
1302,Female,28,USA,Tablet,Social
1303,Female,50,UK,Tablet,Organic
1304,Female,23,UK,Mobile,Email
1305,Female,64,USA,Mobile,Paid
1306,Female,32,USA,Mobile,Organic
1307,Male,49,USA,Tablet,Social
1308,Male,28,USA,Desktop,Paid
1309,Female,40,USA,Desktop,Direct
1310,Male,43,Australia,Desktop,Paid
1311,Male,51,USA,Mobile,Organic
1312,Male,63,UK,Mobile,Social
1313,Male,51,USA,Desktop,Organic
1314,Female,46,Germany,Desktop,Direct
1315,Female,21,USA,Mobile,Paid
1316,Female,34,UK,Desktop,Paid
1317,Male,52,Australia,Mobile,Organic
1318,Male,30,Australia,Tablet,Paid
1319,Male,58,USA,Desktop,Email
1320,Male,56,Australia,Desktop,Email
1321,Female,32,UK,Mobile,Organic
1322,Female,46,UK,Mobile,Organic
1323,Female,46,USA,Mobile,Email
1324,Male,28,USA,Tablet,Direct
1325,Female,49,Canada,Desktop,Organic
1326,Female,19,UK,Mobile,Paid
1327,Female,64,UK,Mobile,Paid
1328,Female,31,Canada,Tablet,Email
1329,Male,37,Canada,Desktop,Organic
1330,Male,39,USA,Mobile,Organic
1331,Male,28,UK,Mobile,Email
1332,Female,44,USA,Desktop,Organic
1333,Male,20,Canada,Desktop,Paid
1334,Male,34,Canada,Tablet,Paid
1335,Male,61,Germany,Desktop,Paid
1336,Male,45,USA,Desktop,Paid
1337,Female,46,USA,Desktop,Paid
1338,Female,38,USA,Tablet,Organic
1339,Male,64,USA,Mobile,Social
1340,Male,33,USA,Mobile,Email
1341,Male,54,Australia,Desktop,Email
1342,Male,37,USA,Mobile,Organic
1343,Male,23,USA,Mobile,Organic
1344,Male,36,Canada,Mobile,Organic
1345,Male,22,UK,Tablet,Paid
1346,Female,20,Canada,Desktop,Paid
1347,Female,18,USA,Mobile,Social
1348,Male,55,UK,Desktop,Organic
1349,Male,32,USA,Mobile,Organic
1350,Female,51,USA,Desktop,Paid
1351,Male,52,Australia,Desktop,Social
1352,Female,42,USA,Desktop,Organic
1353,Female,41,UK,Mobile,Social
1354,Male,29,UK,Desktop,Organic
1355,Male,35,USA,Mobile,Email
1356,Female,32,Australia,Desktop,Email
1357,Male,61,USA,Desktop,Organic
1358,Female,33,Canada,Mobile,Organic
1359,Female,44,Germany,Desktop,Paid
1360,Female,25,UK,Desktop,Organic
1361,Male,63,Germany,Mobile,Social
1362,Female,42,USA,Desktop,Email
1363,Male,34,UK,Desktop,Social
1364,Female,46,USA,Desktop,Email
1365,Female,25,Canada,Tablet,Paid
1366,Male,32,Germany,Mobile,Organic
1367,Female,44,USA,Mobile,Social
1368,Female,63,Canada,Mobile,Paid
1369,Male,24,USA,Desktop,Social
1370,Male,20,UK,Desktop,Organic
1371,Male,46,UK,Mobile,Organic
1372,Male,61,Germany,Desktop,Direct
1373,Male,41,UK,Desktop,Organic
1374,Female,20,USA,Desktop,Direct
1375,Male,37,USA,Desktop,Direct
1376,Male,63,USA,Tablet,Email
1377,Female,32,USA,Desktop,Social
1378,Male,42,USA,Mobile,Social
1379,Female,47,Australia,Desktop,Email
1380,Male,31,UK,Tablet,Organic
1381,Male,24,UK,Desktop,Paid
1382,Female,34,USA,Desktop,Social
1383,Female,61,Australia,Mobile,Paid
1384,Female,37,Canada,Mobile,Paid
1385,Female,53,USA,Desktop,Paid
1386,Female,26,Canada,Desktop,Social
1387,Male,55,UK,Desktop,Email
1388,Male,39,USA,Desktop,Organic
1389,Female,19,UK,Desktop,Direct
1390,Female,41,UK,Desktop,Social
1391,Female,25,USA,Desktop,Email
1392,Male,28,Germany,Desktop,Social
1393,Male,30,Australia,Mobile,Email
1394,Female,34,Canada,Tablet,Organic
1395,Male,25,UK,Mobile,Email
1396,Female,38,UK,Desktop,Organic
1397,Female,35,Canada,Desktop,Email
1398,Male,47,UK,Tablet,Direct
1399,Female,35,USA,Desktop,Organic
1400,Female,63,UK,Desktop,Organic
1401,Male,64,Australia,Mobile,Email
1402,Female,48,UK,Mobile,Organic
1403,Male,55,USA,Mobile,Email
1404,Female,49,Canada,Desktop,Organic
1405,Male,28,USA,Desktop,Organic
1406,Female,62,USA,Tablet,Direct
1407,Male,42,USA,Desktop,Social
1408,Male,50,USA,Mobile,Email
1409,Female,55,Canada,Mobile,Paid
1410,Male,58,UK,Mobile,Social
1411,Male,25,USA,Desktop,Social
1412,Female,28,Australia,Desktop,Social
1413,Female,39,Australia,Mobile,Social
1414,Female,41,Australia,Tablet,Social
1415,Female,58,USA,Tablet,Paid
1416,Male,34,UK,Desktop,Organic
1417,Male,29,Germany,Desktop,Email
1418,Male,63,Canada,Tablet,Organic
1419,Female,49,USA,Mobile,Social
1420,Female,32,USA,Tablet,Organic
1421,Female,33,UK,Desktop,Social
1422,Female,39,Australia,Mobile,Social
1423,Male,45,UK,Mobile,Organic
1424,Male,37,UK,Mobile,Organic
1425,Male,50,USA,Desktop,Organic
1426,Female,27,Canada,Desktop,Social
1427,Male,57,Australia,Mobile,Email
1428,Female,49,USA,Desktop,Organic
1429,Male,50,Canada,Desktop,Social
1430,Male,19,Germany,Tablet,Paid
1431,Male,50,USA,Desktop,Paid
1432,Female,50,UK,Mobile,Direct
1433,Female,58,USA,Desktop,Paid
1434,Male,30,Canada,Mobile,Paid
1435,Male,47,UK,Tablet,Organic
1436,Female,50,UK,Desktop,Organic
1437,Male,30,Canada,Desktop,Organic
1438,Female,43,USA,Desktop,Organic
1439,Female,39,Australia,Desktop,Social
1440,Male,56,UK,Mobile,Paid
1441,Male,19,USA,Tablet,Paid
1442,Female,55,Canada,Desktop,Organic
1443,Male,56,Canada,Desktop,Organic
1444,Male,43,USA,Desktop,Social
1445,Female,63,Australia,Mobile,Direct
1446,Female,32,Australia,Desktop,Organic
1447,Female,51,USA,Mobile,Email
1448,Female,59,Germany,Mobile,Social
1449,Male,61,USA,Mobile,Social
1450,Male,57,USA,Desktop,Paid
1451,Female,28,USA,Mobile,Organic
1452,Female,20,Australia,Desktop,Organic
1453,Male,23,Canada,Desktop,Social
1454,Female,26,USA,Tablet,Paid
1455,Male,23,UK,Mobile,Direct
1456,Male,26,UK,Desktop,Paid
1457,Male,56,USA,Desktop,Organic
1458,Male,48,Australia,Desktop,Social
1459,Male,49,Australia,Desktop,Organic
1460,Male,58,UK,Desktop,Paid
1461,Male,29,Germany,Desktop,Social
1462,Female,25,UK,Desktop,Direct
1463,Female,25,Germany,Mobile,Email
1464,Female,45,Canada,Mobile,Social
1465,Female,37,UK,Mobile,Social
1466,Male,64,USA,Desktop,Direct
1467,Male,24,Australia,Tablet,Organic
1468,Female,28,UK,Mobile,Organic
1469,Male,37,USA,Mobile,Organic
1470,Female,33,USA,Mobile,Organic
1471,Male,21,UK,Tablet,Social
1472,Female,23,UK,Mobile,Social
1473,Male,39,Canada,Desktop,Social
1474,Female,43,Australia,Mobile,Organic
1475,Female,20,USA,Mobile,Social
1476,Female,58,Canada,Mobile,Paid
1477,Male,59,USA,Mobile,Social
1478,Female,31,Australia,Desktop,Social
1479,Female,28,Australia,Desktop,Paid
1480,Female,35,UK,Tablet,Organic
1481,Female,29,Canada,Mobile,Organic
1482,Female,40,USA,Mobile,Email
1483,Male,29,UK,Desktop,Direct
1484,Female,30,Australia,Desktop,Social
1485,Female,42,UK,Tablet,Organic
1486,Female,62,USA,Mobile,Paid
1487,Male,36,UK,Mobile,Social
1488,Male,63,Australia,Desktop,Email
1489,Female,53,USA,Mobile,Organic
1490,Female,62,USA,Desktop,Organic
1491,Male,25,Canada,Mobile,Social
1492,Female,46,Australia,Desktop,Paid
1493,Male,49,USA,Desktop,Organic
1494,Male,61,USA,Mobile,Organic
1495,Male,35,USA,Tablet,Paid
1496,Male,23,USA,Desktop,Email
1497,Female,35,UK,Mobile,Direct
1498,Male,36,Canada,Desktop,Social
1499,Female,39,Canada,Desktop,Paid
1500,Female,54,UK,Desktop,Organic
1501,Female,49,USA,Desktop,Paid
1502,Female,58,Australia,Mobile,Paid
1503,Male,20,UK,Desktop,Social
1504,Female,45,Germany,Desktop,Paid
1505,Female,27,UK,Tablet,Organic
1506,Male,52,USA,Desktop,Organic
1507,Female,46,Canada,Mobile,Paid
1508,Female,32,USA,Desktop,Organic
1509,Female,50,Canada,Mobile,Organic
1510,Female,24,USA,Desktop,Direct
1511,Female,29,USA,Desktop,Paid
1512,Male,47,Australia,Desktop,Paid
1513,Female,38,USA,Desktop,Email
1514,Female,48,Australia,Desktop,Direct
1515,Male,41,USA,Mobile,Social
1516,Male,37,UK,Tablet,Email
1517,Male,54,Canada,Mobile,Paid
1518,Female,21,UK,Mobile,Paid
1519,Female,45,USA,Desktop,Paid
1520,Male,61,USA,Desktop,Social
1521,Female,37,USA,Desktop,Social
1522,Male,41,USA,Desktop,Paid
1523,Female,49,Canada,Mobile,Organic
1524,Female,58,Germany,Mobile,Social
1525,Female,53,Australia,Desktop,Organic
1526,Male,51,Canada,Desktop,Social
1527,Male,53,Canada,Mobile,Social
1528,Male,19,Canada,Mobile,Social
1529,Male,32,USA,Desktop,Email
1530,Female,51,Australia,Tablet,Email
1531,Female,53,Canada,Tablet,Paid
1532,Female,23,UK,Desktop,Social
1533,Female,56,USA,Desktop,Social
1534,Female,59,UK,Mobile,Organic
1535,Female,29,UK,Tablet,Organic
1536,Female,20,Australia,Tablet,Organic
1537,Female,62,UK,Desktop,Paid
1538,Male,35,USA,Desktop,Social
1539,Male,57,Germany,Mobile,Email
1540,Male,38,USA,Mobile,Organic
1541,Female,32,UK,Desktop,Organic
1542,Female,50,USA,Tablet,Direct
1543,Male,52,Canada,Mobile,Organic
1544,Female,43,Australia,Mobile,Paid
1545,Female,25,USA,Tablet,Social
1546,Male,53,Australia,Mobile,Paid
1547,Male,47,USA,Desktop,Organic
1548,Female,40,Australia,Mobile,Organic
1549,Female,59,Canada,Desktop,Organic
1550,Female,61,Australia,Mobile,Social
1551,Female,31,USA,Desktop,Paid
1552,Female,31,Germany,Mobile,Organic
1553,Female,19,Canada,Desktop,Social
1554,Female,54,USA,Desktop,Email
1555,Female,22,Australia,Desktop,Organic
1556,Male,55,USA,Desktop,Paid
1557,Male,62,Australia,Mobile,Social
1558,Male,58,USA,Mobile,Organic
1559,Female,64,Canada,Mobile,Paid
1560,Female,31,UK,Desktop,Social
1561,Female,56,USA,Desktop,Email
1562,Male,42,USA,Desktop,Email
1563,Male,37,USA,Desktop,Social
1564,Male,19,UK,Tablet,Social
1565,Male,56,USA,Desktop,Paid
1566,Female,23,UK,Desktop,Social
1567,Male,34,USA,Desktop,Paid
1568,Male,42,USA,Desktop,Organic
1569,Female,45,Canada,Mobile,Social
1570,Male,19,USA,Mobile,Social
1571,Male,52,Australia,Desktop,Paid
1572,Female,54,Australia,Desktop,Direct
1573,Male,22,Canada,Desktop,Organic
1574,Female,18,UK,Desktop,Paid
1575,Female,57,Australia,Desktop,Organic
1576,Female,29,USA,Tablet,Email
1577,Male,53,USA,Mobile,Social
1578,Female,62,USA,Mobile,Paid
1579,Male,40,Canada,Desktop,Social
1580,Male,64,USA,Desktop,Paid
1581,Male,48,UK,Mobile,Email
1582,Female,28,Germany,Mobile,Paid
1583,Male,27,Australia,Mobile,Paid
1584,Male,20,UK,Desktop,Direct
1585,Female,31,USA,Mobile,Organic
1586,Male,33,Australia,Desktop,Organic
1587,Male,27,UK,Tablet,Social
1588,Male,46,USA,Mobile,Direct
1589,Male,27,USA,Mobile,Paid
1590,Male,29,Australia,Desktop,Organic
1591,Male,47,Canada,Mobile,Paid
1592,Female,58,Australia,Desktop,Paid
1593,Male,18,Australia,Desktop,Organic
1594,Male,22,UK,Desktop,Social
1595,Female,37,UK,Mobile,Direct
1596,Male,25,UK,Desktop,Paid
1597,Female,60,USA,Desktop,Paid
1598,Male,29,UK,Tablet,Paid
1599,Male,18,Canada,Desktop,Organic
1600,Male,37,UK,Mobile,Email
1601,Male,45,Australia,Desktop,Paid
1602,Male,60,UK,Desktop,Paid
1603,Male,54,UK,Mobile,Social
1604,Male,64,UK,Desktop,Paid
1605,Male,54,UK,Desktop,Social
1606,Male,29,Canada,Mobile,Organic
1607,Male,54,USA,Mobile,Email
1608,Male,61,UK,Mobile,Direct
1609,Male,45,USA,Desktop,Social
1610,Female,64,USA,Desktop,Direct
1611,Male,32,UK,Mobile,Organic
1612,Female,23,Canada,Mobile,Paid
1613,Female,61,Germany,Mobile,Social
1614,Male,37,UK,Mobile,Social
1615,Female,31,Canada,Mobile,Paid
1616,Female,19,UK,Desktop,Paid
1617,Male,26,UK,Desktop,Organic
1618,Male,54,USA,Mobile,Paid
1619,Female,37,USA,Desktop,Organic
1620,Female,43,USA,Desktop,Social
1621,Male,46,UK,Tablet,Organic
1622,Male,18,USA,Tablet,Organic
1623,Male,52,USA,Desktop,Social
1624,Male,23,USA,Desktop,Social
1625,Female,54,Germany,Desktop,Email
1626,Male,22,USA,Mobile,Social
1627,Male,50,UK,Tablet,Paid
1628,Female,31,USA,Desktop,Email
1629,Male,29,UK,Desktop,Paid
1630,Male,59,USA,Tablet,Organic
1631,Female,37,USA,Desktop,Social
1632,Female,41,UK,Mobile,Direct
1633,Male,60,USA,Tablet,Paid
1634,Female,51,USA,Desktop,Organic
1635,Male,42,USA,Mobile,Organic
1636,Male,46,USA,Desktop,Organic
1637,Female,56,USA,Desktop,Paid
1638,Male,48,USA,Mobile,Social
1639,Male,64,Australia,Desktop,Organic
1640,Male,60,UK,Tablet,Direct
1641,Male,40,UK,Mobile,Email
1642,Male,61,USA,Desktop,Social
1643,Male,55,Germany,Desktop,Email
1644,Male,37,USA,Desktop,Organic
1645,Male,40,USA,Desktop,Paid
1646,Female,62,UK,Desktop,Social
1647,Female,33,USA,Desktop,Email
1648,Female,59,USA,Desktop,Email
1649,Female,25,UK,Mobile,Organic
1650,Male,38,Australia,Mobile,Direct
1651,Male,18,UK,Mobile,Organic
1652,Female,25,Canada,Desktop,Email
1653,Female,46,Germany,Desktop,Direct
1654,Female,49,USA,Mobile,Organic
1655,Male,55,USA,Desktop,Social
1656,Male,22,USA,Desktop,Organic
1657,Male,64,UK,Mobile,Paid
1658,Male,39,UK,Mobile,Paid
1659,Female,64,Australia,Mobile,Social
1660,Female,51,Canada,Desktop,Direct
1661,Male,18,UK,Mobile,Social
1662,Female,43,USA,Mobile,Paid
1663,Female,60,Australia,Mobile,Email
1664,Male,27,Germany,Mobile,Direct
1665,Male,47,Australia,Mobile,Organic
1666,Male,35,USA,Mobile,Direct
1667,Male,34,UK,Desktop,Organic
1668,Male,43,USA,Mobile,Email
1669,Male,25,USA,Mobile,Organic
1670,Male,64,USA,Mobile,Organic
1671,Male,57,UK,Desktop,Paid
1672,Female,29,Canada,Desktop,Social
1673,Male,44,USA,Tablet,Paid
1674,Female,25,USA,Mobile,Organic
1675,Male,42,UK,Tablet,Social
1676,Female,63,USA,Mobile,Direct
1677,Male,21,USA,Mobile,Paid
1678,Male,50,UK,Mobile,Organic
1679,Female,18,Canada,Tablet,Paid
1680,Female,36,USA,Mobile,Organic
1681,Female,48,USA,Mobile,Email
1682,Male,33,USA,Desktop,Email
1683,Male,31,Germany,Desktop,Social
1684,Female,22,Canada,Mobile,Paid
1685,Female,58,Canada,Desktop,Email
1686,Female,43,USA,Desktop,Social
1687,Female,45,UK,Desktop,Email
1688,Male,19,USA,Desktop,Social
1689,Female,23,UK,Desktop,Email
1690,Male,26,Australia,Desktop,Social
1691,Male,50,UK,Tablet,Paid
1692,Male,58,Australia,Mobile,Direct
1693,Male,42,Canada,Desktop,Paid
1694,Male,30,USA,Desktop,Social
1695,Male,26,Australia,Mobile,Organic
1696,Female,30,USA,Desktop,Social
1697,Male,48,UK,Mobile,Social
1698,Female,58,USA,Mobile,Organic
1699,Male,28,USA,Mobile,Organic
1700,Male,21,UK,Desktop,Social
1701,Female,51,USA,Mobile,Email
1702,Male,55,UK,Desktop,Paid
1703,Male,63,UK,Tablet,Organic
1704,Male,21,USA,Mobile,Social
1705,Male,55,USA,Desktop,Organic
1706,Female,36,UK,Desktop,Paid
1707,Male,23,USA,Desktop,Organic
1708,Female,51,Canada,Mobile,Organic
1709,Male,35,Canada,Desktop,Organic
1710,Female,30,Australia,Mobile,Paid
1711,Female,58,Canada,Desktop,Organic
1712,Female,40,UK,Mobile,Paid
1713,Male,36,Canada,Mobile,Paid
1714,Male,62,USA,Mobile,Paid
1715,Male,28,USA,Mobile,Paid
1716,Female,18,Canada,Desktop,Email
1717,Female,41,UK,Desktop,Organic
1718,Female,24,Canada,Mobile,Paid
1719,Male,42,Australia,Desktop,Organic
1720,Female,38,Australia,Desktop,Organic
1721,Female,32,Australia,Desktop,Social
1722,Male,18,UK,Desktop,Social
1723,Male,29,USA,Desktop,Email
1724,Female,24,UK,Tablet,Social
1725,Female,32,USA,Desktop,Direct
1726,Female,38,UK,Mobile,Organic
1727,Male,36,Canada,Desktop,Organic
1728,Female,46,Canada,Mobile,Organic
1729,Male,42,USA,Desktop,Organic
1730,Male,50,USA,Tablet,Paid
1731,Male,49,UK,Tablet,Social
1732,Female,52,USA,Desktop,Organic
1733,Female,61,Australia,Tablet,Direct
1734,Female,55,USA,Tablet,Email
1735,Male,43,USA,Mobile,Organic
1736,Female,28,USA,Mobile,Organic
1737,Male,52,UK,Desktop,Organic
1738,Female,25,UK,Mobile,Organic
1739,Male,63,USA,Desktop,Organic
1740,Male,31,USA,Desktop,Paid
1741,Male,27,UK,Tablet,Organic
1742,Male,19,USA,Desktop,Paid
1743,Female,63,Canada,Mobile,Direct
1744,Male,26,UK,Mobile,Social
1745,Male,20,USA,Tablet,Direct
1746,Female,38,USA,Tablet,Organic
1747,Male,43,Germany,Desktop,Paid
1748,Female,25,UK,Desktop,Social
1749,Female,19,Canada,Desktop,Organic
1750,Female,23,USA,Desktop,Organic
1751,Male,45,UK,Desktop,Social
1752,Female,46,USA,Desktop,Social
1753,Female,43,UK,Mobile,Paid
1754,Male,42,Germany,Mobile,Paid
1755,Male,29,USA,Desktop,Paid
1756,Female,22,USA,Mobile,Organic
1757,Female,51,USA,Desktop,Paid
1758,Female,54,USA,Desktop,Organic
1759,Female,32,USA,Mobile,Organic
1760,Female,61,USA,Mobile,Direct
1761,Male,53,Canada,Mobile,Social
1762,Male,32,UK,Desktop,Social
1763,Male,60,USA,Mobile,Paid
1764,Female,40,Australia,Mobile,Paid
1765,Male,23,USA,Mobile,Organic
1766,Female,63,Germany,Mobile,Organic
1767,Female,61,USA,Tablet,Organic
1768,Female,60,Australia,Mobile,Email
1769,Male,62,UK,Mobile,Social
1770,Female,38,Australia,Tablet,Paid
1771,Male,40,Germany,Mobile,Paid
1772,Female,60,USA,Desktop,Direct
1773,Male,33,Germany,Mobile,Organic
1774,Male,64,USA,Desktop,Organic
1775,Female,32,USA,Desktop,Paid
1776,Male,42,USA,Mobile,Email
1777,Male,53,UK,Tablet,Direct
1778,Female,28,USA,Tablet,Organic
1779,Female,32,UK,Desktop,Email
1780,Female,21,UK,Mobile,Email
1781,Female,38,Canada,Desktop,Organic
1782,Female,30,Australia,Tablet,Paid
1783,Male,39,UK,Tablet,Paid
1784,Male,36,USA,Mobile,Direct
1785,Male,51,USA,Mobile,Organic
1786,Female,31,USA,Mobile,Email
1787,Female,21,USA,Mobile,Paid
1788,Male,63,USA,Desktop,Social
1789,Male,44,USA,Desktop,Paid
1790,Female,46,Germany,Mobile,Social
1791,Male,64,UK,Mobile,Email
1792,Female,45,USA,Desktop,Email
1793,Male,52,UK,Tablet,Email
1794,Female,25,USA,Desktop,Organic
1795,Male,33,UK,Mobile,Social
1796,Female,59,UK,Mobile,Organic
1797,Female,53,UK,Mobile,Paid
1798,Female,47,UK,Mobile,Paid
1799,Female,35,Germany,Desktop,Paid
1800,Female,19,Australia,Desktop,Paid
1801,Female,30,UK,Mobile,Direct
1802,Male,21,UK,Mobile,Organic
1803,Female,43,UK,Desktop,Social
1804,Female,42,USA,Mobile,Paid
1805,Male,47,USA,Desktop,Organic
1806,Female,28,USA,Mobile,Organic
1807,Female,24,UK,Mobile,Direct
1808,Female,48,UK,Desktop,Email
1809,Male,61,USA,Desktop,Direct
1810,Male,27,Germany,Mobile,Direct
1811,Female,56,Australia,Mobile,Organic
1812,Female,30,Canada,Mobile,Paid
1813,Male,48,UK,Mobile,Social
1814,Female,24,Australia,Mobile,Paid
1815,Female,59,USA,Tablet,Paid
1816,Male,59,Canada,Mobile,Paid
1817,Female,53,USA,Desktop,Social
1818,Male,37,Canada,Desktop,Social
1819,Male,21,USA,Desktop,Organic
1820,Male,24,Australia,Mobile,Paid
1821,Female,18,Germany,Desktop,Social
1822,Male,61,USA,Tablet,Social
1823,Male,62,UK,Mobile,Organic
1824,Male,59,Germany,Mobile,Social
1825,Female,64,UK,Desktop,Organic
1826,Female,30,Australia,Desktop,Paid
1827,Male,39,UK,Desktop,Email
1828,Male,38,USA,Desktop,Social
1829,Female,39,USA,Desktop,Organic
1830,Male,45,USA,Mobile,Social
1831,Male,26,Canada,Tablet,Social
1832,Male,43,USA,Tablet,Email
1833,Male,26,UK,Mobile,Social
1834,Male,32,UK,Desktop,Social
1835,Male,27,UK,Tablet,Paid
1836,Male,41,Australia,Tablet,Organic
1837,Female,59,Germany,Desktop,Organic
1838,Male,25,UK,Mobile,Paid
1839,Female,41,Australia,Desktop,Social
1840,Female,33,Canada,Mobile,Paid
1841,Male,43,UK,Tablet,Organic
1842,Female,44,Germany,Desktop,Organic
1843,Male,54,USA,Tablet,Paid
1844,Female,21,USA,Mobile,Organic
1845,Male,41,Australia,Tablet,Social
1846,Male,36,UK,Desktop,Organic
1847,Male,53,Australia,Mobile,Social
1848,Female,56,Australia,Desktop,Direct
1849,Male,27,USA,Desktop,Organic
1850,Female,42,Australia,Desktop,Paid
1851,Male,35,UK,Tablet,Organic
1852,Female,36,UK,Mobile,Social
1853,Male,53,UK,Tablet,Social
1854,Female,27,Germany,Tablet,Paid
1855,Male,50,USA,Desktop,Paid
1856,Male,22,UK,Desktop,Email
1857,Male,64,Canada,Desktop,Organic
1858,Male,52,Canada,Desktop,Organic
1859,Female,61,Canada,Desktop,Email
1860,Male,51,USA,Desktop,Social
1861,Female,50,USA,Desktop,Email
1862,Male,38,USA,Desktop,Social
1863,Female,34,Australia,Desktop,Email
1864,Male,39,USA,Desktop,Paid
1865,Male,54,USA,Tablet,Social
1866,Female,32,Germany,Mobile,Direct
1867,Male,52,USA,Tablet,Social
1868,Male,45,Germany,Desktop,Organic
1869,Female,24,Canada,Desktop,Organic
1870,Female,49,Australia,Mobile,Organic
1871,Male,28,USA,Desktop,Organic
1872,Male,27,USA,Desktop,Paid
1873,Female,26,Canada,Desktop,Social
1874,Male,31,Australia,Desktop,Social
1875,Male,30,Canada,Desktop,Paid
1876,Male,42,USA,Desktop,Social
1877,Female,19,Canada,Mobile,Organic
1878,Female,52,Canada,Desktop,Organic
1879,Male,24,Canada,Desktop,Organic
1880,Male,38,Canada,Mobile,Paid
1881,Male,35,Australia,Desktop,Organic
1882,Female,20,UK,Desktop,Organic
1883,Male,59,USA,Tablet,Paid
1884,Male,56,UK,Desktop,Email
1885,Female,58,USA,Desktop,Organic
1886,Male,28,UK,Desktop,Social
1887,Female,56,UK,Desktop,Social
1888,Male,41,USA,Mobile,Email
1889,Male,63,USA,Mobile,Direct
1890,Male,36,USA,Desktop,Organic
1891,Female,21,Australia,Mobile,Organic
1892,Female,43,Germany,Mobile,Email
1893,Female,55,USA,Desktop,Paid
1894,Male,59,Germany,Mobile,Social
1895,Female,49,UK,Desktop,Social
1896,Male,56,USA,Desktop,Social
1897,Male,62,USA,Desktop,Direct
1898,Female,63,UK,Desktop,Direct
1899,Male,53,Canada,Desktop,Social
1900,Male,57,Canada,Mobile,Organic
1901,Male,54,USA,Desktop,Email
1902,Male,50,USA,Desktop,Organic
1903,Male,53,UK,Desktop,Organic
1904,Female,20,USA,Mobile,Email
1905,Male,26,USA,Mobile,Organic
1906,Female,25,USA,Mobile,Organic
1907,Female,50,Australia,Mobile,Organic
1908,Male,23,Germany,Tablet,Email
1909,Male,58,UK,Desktop,Paid
1910,Male,56,Australia,Mobile,Social
1911,Female,21,USA,Mobile,Organic
1912,Male,30,UK,Tablet,Email
1913,Female,19,USA,Tablet,Email
1914,Male,22,UK,Desktop,Paid
1915,Female,61,Germany,Desktop,Paid
1916,Male,44,UK,Desktop,Organic
1917,Male,49,USA,Mobile,Direct
1918,Female,38,UK,Desktop,Social
1919,Female,25,USA,Desktop,Direct
1920,Male,55,Australia,Mobile,Paid
1921,Female,25,UK,Desktop,Email
1922,Male,20,UK,Tablet,Email
1923,Female,61,UK,Desktop,Social
1924,Female,20,UK,Desktop,Direct
1925,Male,39,USA,Desktop,Paid
1926,Male,23,Canada,Mobile,Organic
1927,Male,19,USA,Desktop,Social
1928,Female,40,Canada,Desktop,Social
1929,Female,61,Australia,Tablet,Social
1930,Male,19,Australia,Desktop,Organic
1931,Male,55,UK,Mobile,Paid
1932,Female,34,UK,Mobile,Paid
1933,Female,52,USA,Desktop,Paid
1934,Female,51,Canada,Mobile,Social
1935,Male,40,USA,Desktop,Social
1936,Male,47,UK,Mobile,Organic
1937,Male,25,USA,Desktop,Paid
1938,Female,39,USA,Mobile,Organic
1939,Male,61,UK,Desktop,Organic
1940,Female,53,USA,Mobile,Email
1941,Male,22,Canada,Desktop,Direct
1942,Female,30,USA,Desktop,Paid
1943,Female,46,USA,Desktop,Email
1944,Female,48,UK,Desktop,Email
1945,Male,64,USA,Mobile,Email
1946,Male,33,USA,Desktop,Organic
1947,Male,59,Canada,Tablet,Direct
1948,Female,47,USA,Tablet,Paid
1949,Female,33,Australia,Mobile,Paid
1950,Female,29,USA,Desktop,Organic
1951,Female,34,USA,Desktop,Paid
1952,Female,33,Canada,Mobile,Organic
1953,Male,29,USA,Desktop,Organic
1954,Female,25,USA,Desktop,Paid
1955,Male,37,USA,Mobile,Email
1956,Male,20,USA,Mobile,Email
1957,Male,33,Australia,Mobile,Paid
1958,Male,47,USA,Desktop,Email
1959,Male,62,Canada,Mobile,Email
1960,Female,40,Australia,Desktop,Email
1961,Male,45,UK,Desktop,Organic
1962,Female,57,Australia,Tablet,Social
1963,Male,22,USA,Desktop,Direct
1964,Male,37,Germany,Desktop,Social
1965,Male,57,USA,Desktop,Paid
1966,Male,61,Canada,Tablet,Paid
1967,Female,18,UK,Mobile,Social
1968,Male,47,USA,Mobile,Paid
1969,Female,38,UK,Mobile,Organic
1970,Male,37,Canada,Desktop,Paid
1971,Female,23,USA,Desktop,Email
1972,Female,39,USA,Desktop,Email
1973,Female,35,Canada,Desktop,Organic
1974,Male,25,Canada,Desktop,Direct
1975,Male,56,Germany,Tablet,Paid
1976,Male,49,Canada,Desktop,Social
1977,Female,50,Germany,Desktop,Email
1978,Male,33,Canada,Desktop,Email
1979,Male,29,USA,Desktop,Direct
1980,Female,55,USA,Tablet,Paid
1981,Male,51,Canada,Desktop,Email
1982,Female,31,UK,Desktop,Organic
1983,Male,53,USA,Mobile,Social
1984,Male,50,USA,Desktop,Social
1985,Female,40,Germany,Desktop,Social
1986,Male,62,UK,Desktop,Organic
1987,Female,19,UK,Mobile,Email
1988,Male,58,UK,Tablet,Organic
1989,Male,38,USA,Mobile,Organic
1990,Female,19,USA,Desktop,Social
1991,Female,44,USA,Mobile,Paid
1992,Female,26,USA,Desktop,Email
1993,Male,18,Canada,Desktop,Paid
1994,Female,28,UK,Desktop,Organic
1995,Male,20,Australia,Desktop,Email
1996,Male,40,Australia,Mobile,Paid
1997,Female,43,USA,Mobile,Organic
1998,Male,21,Canada,Tablet,Social
1999,Female,35,UK,Mobile,Paid
2000,Male,23,Australia,Mobile,Social
